{"enclaveIdentity":{"id":"QE","version":2,"issueDate":"2025-09-21T13:01:17Z","nextUpdate":"2025-10-21T13:01:17Z","tcbEvaluationDataNumber":20,"miscselect":"00000000","miscselectMask":"FFFFFFFF","attributes":"11000000000000000000000000000000","attributesMask":"FBFFFFFFFFFFFFFF0000000000000000","mrsigner":"8C4F5775D796503E96137F77C68A829A0056AC8DED70140B081B094490C57BFF","isvprodid":1,"tcbLevels":[{"tcb":{"isvsvn":8},"tcbDate":"2025-08-13T00:00:00Z","tcbStatus":"UpToDate"},{"tcb":{"isvsvn":6},"tcbDate":"2021-11-10T00:00:00Z","tcbStatus":"OutOfDate","advisoryIDs":["INTEL-SA-00615"]},{"tcb":{"isvsvn":5},"tcbDate":"2020-11-11T00:00:00Z","tcbStatus":"OutOfDate","advisoryIDs":["INTEL-SA-00477","INTEL-SA-00615"]},{"tcb":{"isvsvn":4},"tcbDate":"2019-11-13T00:00:00Z","tcbStatus":"OutOfDate","advisoryIDs":["INTEL-SA-00334","INTEL-SA-00477","INTEL-SA-00615"]},{"tcb":{"isvsvn":2},"tcbDate":"2019-05-15T00:00:00Z","tcbStatus":"OutOfDate","advisoryIDs":["INTEL-SA-00219","INTEL-SA-00293","INTEL-SA-00334","INTEL-SA-00477","INTEL-SA-00615"]},{"tcb":{"isvsvn":1},"tcbDate":"2018-08-15T00:00:00Z","tcbStatus":"OutOfDate","advisoryIDs":["INTEL-SA-00202","INTEL-SA-00219","INTEL-SA-00293","INTEL-SA-00334","INTEL-SA-00477","INTEL-SA-00615"]}]},"signature":"0c1e301f879fc8df7dafc874abdaef5f24558e195310cf530a3556fb63f1d4f867e0ca6ecbc876a9383c7d804d86da28872d0f1f1fb651c22d53fea39a848cd3"}