{"tcbInfo":{"id":"SGX","version":3,"issueDate":"2025-09-21T13:00:56Z","nextUpdate":"2025-10-21T13:00:56Z","fmspc":"30606A000000","pceId":"0000","tcbType":0,"tcbEvaluationDataNumber":20,"tcbLevels":[{"tcb":{"sgxtcbcomponents":[{"svn":15,"category":"BIOS","type":"Early Microcode Update"},{"svn":16,"category":"OS/VMM","type":"SGX Late Microcode Update"},{"svn":3,"category":"OS/VMM","type":"TXT SINIT"},{"svn":3,"category":"BIOS"},{"svn":255},{"svn":255},{"svn":1},{"svn":0},{"svn":0},{"svn":0},{"svn":0},{"svn":0},{"svn":0},{"svn":0},{"svn":0},{"svn":0}],"pcesvn":13},"tcbDate":"2025-08-13T00:00:00Z","tcbStatus":"SWHardeningNeeded","advisoryIDs":["INTEL-SA-00615"]},{"tcb":{"sgxtcbcomponents":[{"svn":15,"category":"BIOS","type":"Early Microcode Update"},{"svn":16,"category":"OS/VMM","type":"SGX Late Microcode Update"},{"svn":3,"category":"OS/VMM","type":"TXT SINIT"},{"svn":3,"category":"BIOS"},{"svn":255},{"svn":255},{"svn":0},{"svn":0},{"svn":0},{"svn":0},{"svn":0},{"svn":0},{"svn":0},{"svn":0},{"svn":0},{"svn":0}],"pcesvn":13},"tcbDate":"2025-08-13T00:00:00Z","tcbStatus":"ConfigurationAndSWHardeningNeeded","advisoryIDs":["INTEL-SA-00657","INTEL-SA-00767","INTEL-SA-00615"]},{"tcb":{"sgxtcbcomponents":[{"svn":15,"category":"BIOS","type":"Early Microcode Update"},{"svn":15,"category":"OS/VMM","type":"SGX Late Microcode Update"},{"svn":3,"category":"OS/VMM","type":"TXT SINIT"},{"svn":3,"category":"BIOS"},{"svn":255},{"svn":255},{"svn":1},{"svn":0},{"svn":0},{"svn":0},{"svn":0},{"svn":0},{"svn":0},{"svn":0},{"svn":0},{"svn":0}],"pcesvn":13},"tcbDate":"2024-11-13T00:00:00Z","tcbStatus":"OutOfDate","advisoryIDs":["INTEL-SA-01153","INTEL-SA-00657","INTEL-SA-00767","INTEL-SA-00615"]},{"tcb":{"sgxtcbcomponents":[{"svn":15,"category":"BIOS","type":"Early Microcode Update"},{"svn":15,"category":"OS/VMM","type":"SGX Late Microcode Update"},{"svn":3,"category":"OS/VMM","type":"TXT SINIT"},{"svn":3,"category":"BIOS"},{"svn":255},{"svn":255},{"svn":0},{"svn":0},{"svn":0},{"svn":0},{"svn":0},{"svn":0},{"svn":0},{"svn":0},{"svn":0},{"svn":0}],"pcesvn":13},"tcbDate":"2024-11-13T00:00:00Z","tcbStatus":"OutOfDateConfigurationNeeded","advisoryIDs":["INTEL-SA-00657","INTEL-SA-00767","INTEL-SA-01153","INTEL-SA-00615"]},{"tcb":{"sgxtcbcomponents":[{"svn":14,"category":"BIOS","type":"Early Microcode Update"},{"svn":14,"category":"OS/VMM","type":"SGX Late Microcode Update"},{"svn":3,"category":"OS/VMM","type":"TXT SINIT"},{"svn":3,"category":"BIOS"},{"svn":255},{"svn":255},{"svn":1},{"svn":0},{"svn":0},{"svn":0},{"svn":0},{"svn":0},{"svn":0},{"svn":0},{"svn":0},{"svn":0}],"pcesvn":13},"tcbDate":"2024-03-13T00:00:00Z","tcbStatus":"OutOfDate","advisoryIDs":["INTEL-SA-01079","INTEL-SA-01103","INTEL-SA-00657","INTEL-SA-00767","INTEL-SA-01153","INTEL-SA-00615"]},{"tcb":{"sgxtcbcomponents":[{"svn":14,"category":"BIOS","type":"Early Microcode Update"},{"svn":14,"category":"OS/VMM","type":"SGX Late Microcode Update"},{"svn":3,"category":"OS/VMM","type":"TXT SINIT"},{"svn":3,"category":"BIOS"},{"svn":255},{"svn":255},{"svn":0},{"svn":0},{"svn":0},{"svn":0},{"svn":0},{"svn":0},{"svn":0},{"svn":0},{"svn":0},{"svn":0}],"pcesvn":13},"tcbDate":"2024-03-13T00:00:00Z","tcbStatus":"OutOfDateConfigurationNeeded","advisoryIDs":["INTEL-SA-00657","INTEL-SA-00767","INTEL-SA-01079","INTEL-SA-01103","INTEL-SA-01153","INTEL-SA-00615"]},{"tcb":{"sgxtcbcomponents":[{"svn":12,"category":"BIOS","type":"Early Microcode Update"},{"svn":12,"category":"OS/VMM","type":"SGX Late Microcode Update"},{"svn":3,"category":"OS/VMM","type":"TXT SINIT"},{"svn":3,"category":"BIOS"},{"svn":255},{"svn":255},{"svn":1},{"svn":0},{"svn":0},{"svn":0},{"svn":0},{"svn":0},{"svn":0},{"svn":0},{"svn":0},{"svn":0}],"pcesvn":13},"tcbDate":"2023-08-09T00:00:00Z","tcbStatus":"OutOfDate","advisoryIDs":["INTEL-SA-00960","INTEL-SA-00657","INTEL-SA-00767","INTEL-SA-01079","INTEL-SA-01103","INTEL-SA-01153","INTEL-SA-00615"]},{"tcb":{"sgxtcbcomponents":[{"svn":12,"category":"BIOS","type":"Early Microcode Update"},{"svn":12,"category":"OS/VMM","type":"SGX Late Microcode Update"},{"svn":3,"category":"OS/VMM","type":"TXT SINIT"},{"svn":3,"category":"BIOS"},{"svn":255},{"svn":255},{"svn":0},{"svn":0},{"svn":0},{"svn":0},{"svn":0},{"svn":0},{"svn":0},{"svn":0},{"svn":0},{"svn":0}],"pcesvn":13},"tcbDate":"2023-08-09T00:00:00Z","tcbStatus":"OutOfDateConfigurationNeeded","advisoryIDs":["INTEL-SA-00657","INTEL-SA-00767","INTEL-SA-00960","INTEL-SA-01079","INTEL-SA-01103","INTEL-SA-01153","INTEL-SA-00615"]},{"tcb":{"sgxtcbcomponents":[{"svn":11,"category":"BIOS","type":"Early Microcode Update"},{"svn":11,"category":"OS/VMM","type":"SGX Late Microcode Update"},{"svn":3,"category":"OS/VMM","type":"TXT SINIT"},{"svn":3,"category":"BIOS"},{"svn":255},{"svn":255},{"svn":1},{"svn":0},{"svn":0},{"svn":0},{"svn":0},{"svn":0},{"svn":0},{"svn":0},{"svn":0},{"svn":0}],"pcesvn":13},"tcbDate":"2023-02-15T00:00:00Z","tcbStatus":"OutOfDate","advisoryIDs":["INTEL-SA-00828","INTEL-SA-00837","INTEL-SA-00657","INTEL-SA-00767","INTEL-SA-00960","INTEL-SA-01079","INTEL-SA-01103","INTEL-SA-01153","INTEL-SA-00615"]},{"tcb":{"sgxtcbcomponents":[{"svn":11,"category":"BIOS","type":"Early Microcode Update"},{"svn":11,"category":"OS/VMM","type":"SGX Late Microcode Update"},{"svn":3,"category":"OS/VMM","type":"TXT SINIT"},{"svn":3,"category":"BIOS"},{"svn":255},{"svn":255},{"svn":0},{"svn":0},{"svn":0},{"svn":0},{"svn":0},{"svn":0},{"svn":0},{"svn":0},{"svn":0},{"svn":0}],"pcesvn":13},"tcbDate":"2023-02-15T00:00:00Z","tcbStatus":"OutOfDateConfigurationNeeded","advisoryIDs":["INTEL-SA-00828","INTEL-SA-00837","INTEL-SA-00657","INTEL-SA-00767","INTEL-SA-00960","INTEL-SA-01079","INTEL-SA-01103","INTEL-SA-01153","INTEL-SA-00615"]},{"tcb":{"sgxtcbcomponents":[{"svn":7,"category":"BIOS","type":"Early Microcode Update"},{"svn":9,"category":"OS/VMM","type":"SGX Late Microcode Update"},{"svn":3,"category":"OS/VMM","type":"TXT SINIT"},{"svn":3,"category":"BIOS"},{"svn":255},{"svn":255},{"svn":1},{"svn":0},{"svn":0},{"svn":0},{"svn":0},{"svn":0},{"svn":0},{"svn":0},{"svn":0},{"svn":0}],"pcesvn":13},"tcbDate":"2022-08-10T00:00:00Z","tcbStatus":"OutOfDate","advisoryIDs":["INTEL-SA-00657","INTEL-SA-00730","INTEL-SA-00738","INTEL-SA-00767","INTEL-SA-00828","INTEL-SA-00837","INTEL-SA-00960","INTEL-SA-01079","INTEL-SA-01103","INTEL-SA-01153","INTEL-SA-00615"]},{"tcb":{"sgxtcbcomponents":[{"svn":7,"category":"BIOS","type":"Early Microcode Update"},{"svn":9,"category":"OS/VMM","type":"SGX Late Microcode Update"},{"svn":3,"category":"OS/VMM","type":"TXT SINIT"},{"svn":3,"category":"BIOS"},{"svn":255},{"svn":255},{"svn":0},{"svn":0},{"svn":0},{"svn":0},{"svn":0},{"svn":0},{"svn":0},{"svn":0},{"svn":0},{"svn":0}],"pcesvn":13},"tcbDate":"2022-08-10T00:00:00Z","tcbStatus":"OutOfDateConfigurationNeeded","advisoryIDs":["INTEL-SA-00657","INTEL-SA-00730","INTEL-SA-00738","INTEL-SA-00767","INTEL-SA-00828","INTEL-SA-00837","INTEL-SA-00960","INTEL-SA-01079","INTEL-SA-01103","INTEL-SA-01153","INTEL-SA-00615"]},{"tcb":{"sgxtcbcomponents":[{"svn":4,"category":"BIOS","type":"Early Microcode Update"},{"svn":4,"category":"OS/VMM","type":"SGX Late Microcode Update"},{"svn":3,"category":"OS/VMM","type":"TXT SINIT"},{"svn":3,"category":"BIOS"},{"svn":255},{"svn":255},{"svn":0},{"svn":0},{"svn":0},{"svn":0},{"svn":0},{"svn":0},{"svn":0},{"svn":0},{"svn":0},{"svn":0}],"pcesvn":11},"tcbDate":"2021-11-10T00:00:00Z","tcbStatus":"OutOfDate","advisoryIDs":["INTEL-SA-00586","INTEL-SA-00614","INTEL-SA-00615","INTEL-SA-00657","INTEL-SA-00730","INTEL-SA-00738","INTEL-SA-00767","INTEL-SA-00828","INTEL-SA-00837","INTEL-SA-00960","INTEL-SA-01079","INTEL-SA-01103","INTEL-SA-01153"]},{"tcb":{"sgxtcbcomponents":[{"svn":4,"category":"BIOS","type":"Early Microcode Update"},{"svn":4,"category":"OS/VMM","type":"SGX Late Microcode Update"},{"svn":3,"category":"OS/VMM","type":"TXT SINIT"},{"svn":3,"category":"BIOS"},{"svn":255},{"svn":255},{"svn":0},{"svn":0},{"svn":0},{"svn":0},{"svn":0},{"svn":0},{"svn":0},{"svn":0},{"svn":0},{"svn":0}],"pcesvn":10},"tcbDate":"2020-11-11T00:00:00Z","tcbStatus":"OutOfDate","advisoryIDs":["INTEL-SA-00477","INTEL-SA-00586","INTEL-SA-00614","INTEL-SA-00615","INTEL-SA-00657","INTEL-SA-00730","INTEL-SA-00738","INTEL-SA-00767","INTEL-SA-00828","INTEL-SA-00837","INTEL-SA-00960","INTEL-SA-01079","INTEL-SA-01103","INTEL-SA-01153"]},{"tcb":{"sgxtcbcomponents":[{"svn":4,"category":"BIOS","type":"Early Microcode Update"},{"svn":4,"category":"OS/VMM","type":"SGX Late Microcode Update"},{"svn":3,"category":"OS/VMM","type":"TXT SINIT"},{"svn":3,"category":"BIOS"},{"svn":255},{"svn":255},{"svn":0},{"svn":0},{"svn":0},{"svn":0},{"svn":0},{"svn":0},{"svn":0},{"svn":0},{"svn":0},{"svn":0}],"pcesvn":5},"tcbDate":"2018-01-04T00:00:00Z","tcbStatus":"OutOfDate","advisoryIDs":["INTEL-SA-00106","INTEL-SA-00115","INTEL-SA-00135","INTEL-SA-00203","INTEL-SA-00220","INTEL-SA-00233","INTEL-SA-00270","INTEL-SA-00293","INTEL-SA-00320","INTEL-SA-00329","INTEL-SA-00381","INTEL-SA-00389","INTEL-SA-00477","INTEL-SA-00586","INTEL-SA-00614","INTEL-SA-00615","INTEL-SA-00657","INTEL-SA-00730","INTEL-SA-00738","INTEL-SA-00767","INTEL-SA-00828","INTEL-SA-00837","INTEL-SA-00960","INTEL-SA-01079","INTEL-SA-01103","INTEL-SA-01153"]}]},"signature":"9cb2905ade413a9ec3ec4e63450272a314716c50a0e906a7564cc9f18f550428b8caf6b988edbcb886e24be64e13b7b2e0f42188f819513bdda4b7526d62f374"}